﻿{
  "ApplicationLogPath": "./Log",
  "StorageConnectionString": "DefaultEndpointsProtocol=https;AccountName=pmaircraftstoragetlc;AccountKey=someKey",
  "AdfContainer": "tcd",
  "AdfBlobAgeMinutes": 60,
  "EventFile": "./Data/aircraftdemo_input_v4.csv",
  "EventHubConnectionString": "Endpoint=sb://ev-azureholtlc.servicebus.windows.net/;SharedAccessKeyName=RootManageSharedAccessKey;SharedAccessKey=c0/0snC6JYQoQQm9lH9kI7siaYzH5nTdhi1YJQxdT8Q=",
  "EventHubName": "azurehol",
  "SQLServer": "someServer",
  "SQLDatabase": "someDB",
  "SQLUserName": "sqlUser",
  "SQLPassword": "sqlPassword",
  "SQLTables": [ "pmaircraftstreamtarget", "pmaircraftmlresulttarget" ]
}